entry_number,step_delta,puppet_delta
0,108.9999,5.0002
1,17.0032,1.9991
2,12.9997,1.0012
3,12.0021,2.0001
4,11.9986,1.001
5,12,0.9995
6,17.9995,1.0023
7,13.0003,1.0007
8,11.9699,1.0005
9,16.999,1.0022
10,13.0026,0.9979
11,19.997,1.0004
12,12.9985,0.9999
13,16.9984,2.0035
14,12.999,1.0003
15,19.0031,0.9977
16,13.9841,1.0002
17,17.9925,1.0022
18,22.9955,0.9999
19,20.0004,1.0017
20,17.5184,1.0019
21,17.5193,0.999
22,19.999,1.0026
23,17.0004,1.9987
24,16.626,1.0021
25,19.9977,1.0003
26,17.9987,1.0023
27,16.9986,2.0051
28,17.9986,2
29,17.9994,1.0006
30,18.0008,1.0005
31,18.0024,1.9986
32,20.0095,0.9972
33,17.998,1.0025
34,18.0037,2.0007
35,17.9982,2.0029
36,17.9983,2.0015
37,19.9952,2.0003
38,22.9951,1.0041
39,19.9989,1.0007
40,18.996,1.0027
41,19.0003,1.0011
42,19.0003,2.0018
43,19.998,0.999
44,19.0015,1.9972
45,19.996,1.0012
46,18.9979,1.0056
47,22.0012,0.9982
48,17.9977,0.9993
49,18.9978,1.9967
50,18.9975,1.0014
51,20.0002,1.0011
52,17.9964,1.0017
53,16.9997,0.999
54,15.9894,0.9997
55,14.9997,1.0021
56,15.0001,1.0014
57,15.0017,1.0027
58,14.9973,0.9999
59,14.9995,1.0009
60,13.9972,1.001
61,14.0046,0.9964
62,13.0012,1.0001
63,14.9991,0.9969
64,14.9973,1.0018
65,11.9936,1.0001
66,12.9987,1.0014
67,17.0023,0.9978
68,13.0011,2.0016
69,12.0016,2.0004
70,11.9891,1.0022
71,11.9965,0.9997
72,12.999,1.0006
73,11.9844,0.9986
74,10.9878,0.9959
75,10.9983,0.9999
76,10,0.9997
77,10.9993,1.0001
78,11.0026,0.9989
79,9.9966,1.0048
80,10.9994,1.0002
81,9.9992,0.9989
82,9.9888,0.999
83,9.9993,1.0001
84,12.0006,1.999
85,9.9998,2.0035
86,9.9986,0.9997
87,9.983,1
88,10.0002,2.0003
89,10.0012,0.9999
90,11.0009,1.0033
91,9.997,1.002
92,11.0019,0.9994
93,11.0014,0.9996
94,9.9983,0.9984
95,10.0014,0.9981
96,9.9991,0.9997
97,9.985,0.9997
98,9.9978,2.0017
99,11.0028,0.9998
100,9.9972,1.0003
101,10.9969,1
102,11.0012,2.0003
103,11.9976,1.0041
104,9.9983,2.001
105,11.0017,2.0002
106,9.9995,1.0009
107,9.9588,0.9994
108,11.9988,1.0009
109,10.9994,1.0002
110,11.0018,1.0001
111,11.0015,0.998
112,10.9966,1.0021
113,10.0012,1.9992
114,9.9982,1.9981
115,11,1
116,10.0003,0.9984
117,11.0016,1.0018
118,12.0014,0.9982
119,11.9988,0.9994
120,9.9857,1.0001
121,10.9957,1.0006
122,10.9992,1.0018
123,10.9979,2.0001
124,9.9986,1.0048
125,12.9992,1.001
126,10.0056,1.998
127,10.9975,1.001
128,10.999,1.0024
129,12.0079,0.9926
130,10.0005,1
131,9.9998,0.9996
132,10.9967,1.024
133,10.9995,0.9999
134,9.995,2.0027
135,9.9967,0.9996
136,9.9997,1.0021
137,9.9979,1
138,11.9994,1.0003
139,11.9996,1.0001
140,9.9978,0.9997
141,9.9994,0.9998
142,9.9965,1.0003
143,10.9989,0.9999
144,9.9995,0.9998
145,11.9996,0.9988
146,11.0001,1.0005
147,8.9976,2.0005
148,10.998,1.0024
149,9.9964,1.0029
150,10.9993,0.9998
151,10.001,0.998
152,9.9993,0.9975
153,10.9988,0.9996
154,12.0003,1.0017
155,10.9964,1.001
156,10.9998,1.0023
157,9.9986,2.0006
158,11.0002,1.0006
159,9.9979,2.0031
160,10.9995,1.0001
161,10.0003,0.9987
162,10.9995,0.9999
163,10.9854,1.0001
164,9.9962,1.0054
165,11.0001,1.0011
166,10.0008,1
167,9.9994,0.9997
168,9.9952,0.9994
169,9.9957,0.9996
170,10.9989,1.0004
171,10.0001,2.0008
172,11.0006,0.9983
173,9.999,0.9996
174,10.9998,1
175,9.9973,1.0044
176,9.9927,1.003
177,9.9993,1.0007
178,12.0011,0.9973
179,11.0013,0.9992
180,9.998,0.9998
181,9.999,0.9995
182,10.9989,0.9998
183,9.9992,0.9995
184,11.9944,1.001
185,9.9989,1.9993
186,9.9978,0.9978
187,10.9981,0.9992
188,9.9799,1.0014
189,11.0002,0.9994
190,10.0021,0.9972
191,10.9994,0.9992
192,9.0006,1.9987
193,10.9954,0.9998
194,11.0004,0.9991
195,8.9861,0.9999
196,10.0011,0.9977
197,10.9952,1.9989
198,8.9975,2.002
199,10.0053,0.9961
200,8.9986,0.9998
201,10.9998,0.9996
202,8.9968,2
203,9.9999,1.001
204,8.9938,0.9999
205,9.9979,1.0003
206,9.0047,1.9946
207,8.9984,1.0013
208,9.0004,1.0025
209,10,1.0006
210,8.9986,1.0001
211,10.9987,0.9999
212,8.9987,1.0012
213,8.9988,0.9979
214,10.2017,1.0026
215,10.0002,1.9997
216,10.9995,2.0015
217,8.9989,1.002
218,8.997,1.0003
219,8.9972,1.0032
220,9.0004,0.9999
221,8.9994,1.0002
222,9.0042,1.0013
223,9.0012,0.9983
224,9.9991,0.9995
225,8.9991,1.0009
226,8.9875,2.0045
227,9.0004,1.0006
228,10.0037,1.9987
229,8.9718,1.003
230,8.9968,1.0006
231,10.0057,1
232,8.9989,0.9994
233,11.0098,1
234,8.9968,1.0006
235,10.9938,2.0003
236,7.9982,1.0007
237,9.9952,2.0015
238,7.9957,1.9999
239,8.0002,1.9994
240,6.9979,1.0006
241,9.0009,0.9984
242,7.9914,1.0001
243,7.9968,1.0063
244,7.9979,1.9995
245,7.9998,1.0002
246,7.9948,1.0004
247,10.0012,0.9975
248,7.9974,1.0005
249,7.9997,0.9997
250,9.0002,1.0012
251,8.0029,0.9952
252,8,0.9994
253,8.0024,1.9978
254,7.9974,0.9988
255,9.0052,0.998
256,8.0018,0.9971
257,7.0027,0.9989
258,7.9995,0.9999
259,6.9964,1.9988
260,7.9987,0.9989
261,8.0002,0.9995
262,6.9987,1.0019
263,9.001,0.9995
264,7.9993,1.0002
265,7.9999,1.0007
266,6.9974,2
267,6.9987,0.9993
268,6.9998,1
269,7.9964,0.9991
270,7.0034,1.9974
271,9.0003,0.9994
272,6.9988,1.0058
273,6.9984,1.0014
274,6.9983,2.0018
275,6.999,2.0003
276,8,1
277,6.9981,1.0019
278,7.0014,0.9991
279,7.9996,1.002
280,6.9786,0.9983
281,7.002,1.9985
282,9.0026,0.9987
283,6.9979,1.0024
284,7.0024,1.0026
285,7.0002,0.9989
286,8.0049,0.994
287,8.0013,1.0016
288,7.0008,0.9992
289,6.9978,0.9996
290,7.002,0.9953
291,6.9977,0.9994
292,5.9991,2.0001
293,8.0002,1.0012
294,7.0006,2.0003
295,6.9992,0.9994
296,8.0013,0.9992
297,7.0006,0.9986
298,6.0016,1.0017
299,5.9992,0.9999
300,5.9981,2.0003
301,6.9969,1.0002
302,5.999,0.9985
303,6.9995,1.002
304,6.0012,0.9996
305,5.9986,1.0004
306,6.9998,0.9977
307,6.9973,0.9993
308,6.0003,1.9999
309,5.9994,1.0019
310,7.998,1.0014
311,5.9968,2.0026
312,6.0001,1
313,6.9999,2.0014
314,7.0015,1.9961
315,5.9996,1.0019
316,5.9996,0.9993
317,6.999,1.0021
318,7.0004,0.9994
319,7.0001,1.9995
320,6.0002,2
321,7.0035,0.9958
322,5.9998,1.0014
323,7.998,0.9999
324,5.9986,2.0003
325,7.0037,1.002
326,5.9979,0.9998
327,6.9993,0.9989
328,7.0013,1.0008
329,7.0008,0.9984
330,5.9989,1.0028
331,5.9965,2.0023
332,6,1.0017
333,5.9991,0.9991
334,5.9987,1.0011
335,5.9995,0.9982
336,5.9963,1.0006
337,5.996,0.9991
338,6.0003,1.0006
339,6.9979,1.0009
340,6.0013,0.9981
341,5.9985,1.0023
342,7.0013,0.9967
343,6.0011,0.9993
344,5.9987,1.0001
345,6.0049,0.9973
346,5.9988,0.9997
347,5.9986,1.0016
348,6.0038,0.9979
349,6.0035,1.9975
350,6.0019,1.9965
351,5.9966,1.0013
352,5.9988,1.0003
353,8.0012,0.9983
354,6.0005,0.9993
355,6.0036,0.9953
356,5.9998,1.0023
357,6.0002,0.9997
358,5.9935,0.9999
359,4.9945,0.9998
360,5.9987,1.0019
361,5.9978,1.0008
362,7.0002,1.0004
363,4.9968,2.0004
364,6.0001,0.9974
365,6.0036,0.9966
366,7.0015,0.9994
367,6.9984,1.002
368,7.0001,0.9987
369,7.0005,1.0015
370,6.9952,1.0057
371,4.9993,2.0025
372,5.9991,1
373,5.9974,0.9998
374,7.0016,0.9976
375,4.9973,1.0004
376,4.9992,2.0012
377,7.9969,0.9988
378,4.9973,1.0025
379,5.9991,0.9979
380,6.0018,0.9968
381,5.0018,1.9982
382,5.9993,1.0009
383,5.9991,1.9999
384,5.0012,1.9935
385,4.9939,1.0047
386,5.9984,1.0033
387,4.999,2.0009
388,6.0011,1.0026
389,5.9958,1.9979
390,5.001,2
391,5.9984,0.9991
392,4.9989,1.001
393,6.0002,1
394,5.0001,1.0013
395,5.0032,1.997
396,5.9982,1.0008
397,6.0056,0.9978
398,4.9988,0.9998
399,4.9996,1.0015
400,5.9988,0.9996
401,6.0007,0.999
402,7.0032,0.9974
403,5.9494,2.0003
404,5.992,0.9987
405,5.9996,0.9996
406,5.0036,0.9968
407,5.9982,1.9989
408,4.9973,1.0039
409,5.9981,0.9998
410,4.9997,1.0003
411,4.9957,2
412,5.9959,0.9997
413,6.0002,0.9998
414,4.9995,1.0002
415,5.999,0.9998
416,5.0014,1.0006
417,5.0006,1.9987
418,6.0005,1
419,4.9987,2.0014
420,5.001,0.9996
421,6.0007,2.0017
422,4.9982,1.0037
423,4.9996,2.0006
424,6.003,1.0013
425,5.9975,1.0003
426,5.9973,1.0021
427,5.998,1.0001
428,5.9932,0.9989
429,6.0041,0.9961
430,5.9976,1.0005
431,5.9955,1.0003
432,5.9993,2.001
433,6.0018,0.9979
434,5.0005,1.9995
435,4.9971,1.0002
436,5.9972,0.9997
437,6.0021,0.9983
438,5.0006,1.0008
439,5.9951,1.0005
440,5.0006,0.9998
441,4.9984,1.0055
442,4.9982,1.9999
443,4.992,0.9985
444,4.8017,1.0012
445,6.0062,0.9942
446,5.9977,1.0022
447,5.9987,1.9996
448,4.9992,2.0005
449,5.9995,1.0002
450,5.0018,2.0011
451,5.9998,0.999
452,4.9988,1.0005
453,5.9964,1
454,4.9992,1.0002
455,4.9986,1.0003
456,5.0086,2.002
457,5.9983,1.0011
458,6.0015,1.9995
459,5.0022,0.9999
460,5.9952,2.0005
461,4.9921,1.0014
462,6.9998,1.0007
463,6.0019,0.998
464,4.9996,1.0002
465,5.9984,2.0006
466,7.0036,0.9962
467,4.9972,1.0007
468,5.0004,1.0019
469,4.9981,1.0046
470,4.999,1.9999
471,5.0008,0.998
472,6.9976,1.0015
473,5.0025,0.9977
474,4.997,2.0013
475,4.9999,1.9997
476,6.0003,0.9992
477,5.0005,0.9989
478,5.0007,2.0034
479,4.9996,0.9994
480,5.9974,0.9987
481,4.9988,1
482,5,1.9984
483,4.9979,2.0018
484,4.9986,1.0001
485,6.0029,2.0001
486,5.9996,1.9986
487,5.0248,1.9727
488,5.9969,1.0029
489,5.9994,0.9989
490,5.0008,1.9987
491,5.0001,1.9988
492,4.9998,2.0001
493,5.0001,1.0057
494,5.9984,1
495,4.9995,0.9982
496,5.0008,0.9986
497,4.9996,0.9997
498,5.9979,2.0056
499,6.0027,0.9981
500,4.9936,2.0004
501,5.9983,0.9995
502,4.9964,2.0019
503,5.9993,0.9993
504,6.0009,2.0018
505,5.0004,0.9987
506,6.0014,0.9973
507,6.0009,1.9986
508,4.9987,1
509,6.9962,1.0007
510,4.9985,0.9999
511,5.0034,0.9977
512,5,0.9992
513,5.0051,0.9953
514,5.0011,0.9984
515,4.9978,1.0079
516,4.9915,2.0002
517,6.0006,0.9994
518,4.9997,1.0009
519,4.9984,1.0009
520,4.9988,1.003
521,4.983,0.9985
522,6.0006,1.9996
523,4.999,1.002
524,5.9996,1.0019
525,5.9933,0.9997
526,5.0006,1.9986
527,6.9957,0.9973
528,4.9995,2.0003
529,5.0003,1.9993
530,5.0013,0.997
531,4.9992,2.0023
532,7.0049,0.9952
533,4.9993,0.9987
534,5.0004,1.0027
535,4.9997,1.9973
536,4.9998,1.003
537,4.9987,2.0038
538,5.9973,0.9998
539,4.9919,0.9997
540,5.7837,0.9987
541,4.9993,1.0007
542,4.9988,0.9979
543,4.9977,1.0025
544,4.9997,1.9973
545,5.9961,0.9996
546,7.0069,0.9953
547,6.9739,0.9998
548,4.9823,1.0003
549,3.9994,1.9998
550,4.9988,0.9998
551,6.9961,1.0057
552,4.9984,1.0017
553,5.0004,0.9984
554,5.9993,0.9997
555,4.9996,0.9997
556,4.9965,0.9995
557,4.997,1.002
558,6.001,0.9986
559,3.9811,2.0005
560,6.0006,0.9985
561,6.0018,1.0003
562,4.9986,1.0006
563,5.0012,1.9983
564,4.9966,1.0024
565,4.9999,1.9999
566,4.999,1.0003
567,4.9972,1.0018
568,5.0004,1.0008
569,6.0012,0.9999
570,6.0018,0.9977
571,5.0004,0.9998
572,5.9958,0.9993
573,5.9996,1.0004
574,5.0004,0.9991
575,4.9995,0.9975
576,5.0007,1.9997
577,5.0132,0.9873
578,6.0056,1.9923
579,5.9995,1.001
580,5.0014,1.0048
581,5.0006,0.9998
582,4.9999,0.9992
583,6.9965,2.001
584,4.9997,0.9974
585,4.9997,0.9998
586,5.0073,0.9939
587,5.9993,0.9985
588,5.9999,0.999
589,5.0036,1.9961
590,4.9968,1.0026
591,4.9964,1.0023
592,4.9992,1.0049
593,5.0001,1.0005
594,4.9979,1.0006
595,5.0036,1.9956
596,5.0006,0.9997
597,4.9992,1.0007
598,5.9998,1.0023
599,5,2.0012
600,4.9955,1.0004
601,4.9988,0.999
602,4.9921,1.0012
603,5.001,0.9981
604,4.9983,1.0029
605,3.9981,2.0016
606,7.0017,2.0005
607,5.992,0.9993
608,4.9989,1
609,5.9995,0.9994
610,4.998,2.0013
611,4.9993,1.0003
612,6.0026,1.9974
613,4.9984,1.0008
614,4.9994,0.9987
615,4.9981,2.0009
616,4.9988,0.9999
617,3.9953,1.998
618,4.9987,0.9999
619,5.9976,1.0001
620,4.9942,1.0004
621,4.9821,1.0048
622,6.0018,0.9997
623,4.9991,0.9993
624,5.002,1.9976
625,5.0006,1.0003
626,4.998,1
627,5.0016,1.0004
628,4.9997,1.0021
629,5.9989,1.0007
630,5.0035,1.9962
631,5.0017,0.9976
632,4.997,1.0024
633,4.9998,2.0011
634,6.0007,0.9986
635,6.0023,0.9994
636,4.9987,0.9998
637,4.9951,1.0022
638,4.9944,1.001
639,5.0033,2.0005
640,4.9949,2.0021
641,4.9992,1.9997
642,6.0008,1.002
643,4.9993,0.9997
644,4.9996,1.9976
645,5.0003,0.9994
646,5.0003,2.0005
647,5.0046,1.9979
648,5.9913,1.003
649,4.9945,1.0008
650,4.999,1.003
651,5.9994,1.0018
652,5.9994,1.0008
653,4.9997,2.0007
654,4.9952,1.0002
655,5.0028,1.9979
656,5.995,0.9977
657,6.0005,1.0002
658,6.0031,1.0005
659,4.9981,1.0012
660,5.9751,2.0012
661,6.0002,1.0018
662,4.7507,1
663,6.9984,1.997
664,4.9983,1.0001
665,5.0007,0.9991
666,4.9982,1.0004
667,3.9995,1.9997
668,3.9991,2.0026
669,4.9807,1.0008
670,6.0069,0.9944
671,6.0007,0.9987
672,4.9955,1.003
673,6.9955,1.0021
674,4.9976,1.0004
675,5.0004,0.9993
676,4.9975,0.9995
677,3.995,1.9998
678,5.0004,0.9965
679,4.9996,1.0004
680,5.9995,0.9992
681,5.0017,0.9981
682,5.0013,1.001
683,3.997,1.0014
684,4.9946,1.0005
685,4.9986,1.0005
686,4.9981,0.9999
687,6.002,0.9992
688,4.9995,0.9993
689,5.0018,0.9967
690,5.0013,1.0007
691,5.0034,1.9963
692,4.9916,0.9993
693,5.9991,1.0002
694,5.9982,1.0034
695,4.9961,0.9993
696,3.9858,2.0007
697,4.9667,0.9947
698,4.9986,2.0009
699,5.0007,1.0008
700,5.9991,1.0007
701,5.0005,2.0011
702,5.0008,0.9997
703,4.9977,1.0005
704,5.0011,0.9994
705,4.994,1.0002
706,4.9984,1.0001
707,4.9976,2.0001
708,5.0016,0.9996
709,4.9984,2.0038
710,5.9996,1
711,4.9973,0.999
712,6.0022,0.9996
713,4.9996,1.0008
714,5.001,0.9989
715,5.9993,1.0008
716,4.9978,1
717,5.9985,0.9999
718,4.9983,1.0009
719,5.9975,0.9994
720,4.9993,1.0005
721,5.0003,0.9988
722,4.9993,0.9999
723,4.9988,2.002
724,6.0047,2.003
725,4.973,2.0003
726,4.9996,2
727,6.0018,1.0006
728,5.0009,1
729,4.9983,1.0005
730,4.9987,0.9999
731,5.0033,1.0011
732,4.9993,0.9992
733,4.9995,0.9998
734,5.0003,1.0021
735,5.0065,0.9979
736,5.9992,0.9995
737,5.0017,0.9994
738,5.9948,1.0009
739,4.9965,0.9999
740,5.0008,0.9987
741,3.9999,1.9998
742,4.9985,1.0021
743,4.9984,1.0005
744,5.9985,1.0035
745,5.001,1.9983
746,5.0021,1.9978
747,5.9998,0.9979
748,4.9976,1.0008
749,6.9986,1.0017
750,5.0002,0.9995
751,5.001,1.002
752,4.9956,1.0001
753,6.0014,0.9978
754,3.9987,1.0003
755,4.9971,0.9998
756,4.9985,2
757,4.9981,2.0003
758,4.9992,1.9994
759,4.9971,1.0005
760,5.0009,1.9982
761,5.9991,0.9997
762,4.9993,1.0085
763,5.0019,0.9981
764,5.0003,1.9994
765,4.9999,2.0009
766,6.0046,0.9973
767,5.9998,0.9997
768,4.9997,1.0001
769,4.9983,2.0023
770,5.0038,1.9976
771,4.998,0.9997
772,4.9961,1.0044
773,5.001,0.999
774,5.0001,2.0002
775,4.9996,0.9995
776,4.9965,2.0021
777,6.0007,0.9989
778,5.0008,1.9999
779,4.9587,1.0024
780,4.9994,0.9999
781,4.9869,0.9993
782,5.0005,0.9982
783,4.999,1.0004
784,4.9985,2.0006
785,4.9987,1.0004
786,5.0018,0.9984
787,5.0022,0.998
788,4.9994,0.9979
789,4.9997,1.9989
790,4.999,0.9999
791,4.9981,1.0011
792,4.9973,1.0008
793,4.9979,1.9998
794,4.9993,1.0013
795,5.0073,0.994
796,4.9986,0.9999
797,4.9981,0.999
798,5.0003,2.0016
799,4.9932,1.0034
800,4.9978,1.006
801,6.0008,0.9973
802,5.0014,1.0002
803,4.9981,2.0014
804,4.9999,2.0089
805,4.9967,1.0026
806,4.9997,1.0005
807,6.0012,0.9996
808,6.006,0.9972
809,6.0005,1.0008
810,5.9997,0.9998
811,4.9971,1.0022
812,5.0003,1.0043
813,4.9983,1.0019
814,4.9957,0.9999
815,3.9885,2.0004
816,4.9985,1.0002
817,6.0023,0.9975
818,5.998,1.002
819,4.9993,1.0022
820,4.9945,1
821,4.9989,0.9988
822,5.0004,1.0008
823,4.9955,2.0009
824,5.9992,1.0001
825,4.8781,1.0008
826,6.0003,1.9991
827,6.0008,0.999
828,5.9995,0.9998
829,5.0012,1.0048
830,4.9979,2.0008
831,4.9976,1.0002
832,4.9998,0.9995
833,4.999,1.0008
834,4.9989,2.0009
835,4.9991,1.0052
836,4.9979,2.0067
837,5.0025,0.9987
838,5.9996,1.0078
839,5.0009,1.0027
840,5.0004,0.9978
841,4.9992,1.0001
842,5.0012,1.0004
843,4.9997,1.0002
844,4.9993,1.0017
845,5.0008,0.9991
846,5.0001,2.0011
847,5.3887,1.0022
848,4.9663,1.0001
849,6.0018,0.9991
850,4.9991,1.9997
851,4.9989,1.0005
852,3.9956,2.001
853,4.9979,2.0004
854,4.9921,0.9998
855,5,1.0032
856,3.9922,2.0005
857,4.9986,2.0002
858,6.0018,1.0006
859,7.0009,0.9983
860,4.9752,1.002
861,5.0004,2.0005
862,4.9973,1.0009
863,4.9965,1.0013
864,4.9942,1.9975
865,4.0002,0.997
866,5.007,0.9923
867,4.9959,0.9999
868,4.9999,2.0003
869,4.9988,1.0028
870,4.9996,0.9998
871,6.0009,0.9989
872,6.0004,0.9999
873,4.9973,1.005
874,4.9985,0.9992
875,4.9951,0.9996
876,3.9992,1.9998
877,4.9994,1.0002
878,6.0006,1.9998
879,4.322,2.0094
880,5.0003,1.0035
881,8.0006,1.003
882,4.9985,1.0011
883,6.0003,0.9986
884,5.9953,1.0009
885,6.0002,0.9996
886,6.9998,0.9991
887,4.9896,1.0004
888,4.9987,2.002
889,4.9992,1.0025
890,4.9973,2.001
891,6.0009,0.9995
892,5.9995,0.9999
893,5.9991,0.9997
894,4.9978,1.0003
895,4.9993,1.0019
896,6.0001,1.0018
897,5.0018,0.9984
898,3.9992,2.0007
899,5.0046,0.9952
900,6.0027,0.9973
901,4.9977,0.9999
902,5.0003,0.9991
903,6.0004,1.001
904,4.9962,1.9995
905,4.9987,1.9974
906,5.0023,1.9968
907,4.987,2.0005
908,4.9999,1.004
909,6.001,1.0027
910,6.002,0.9981
911,5.9983,0.9996
912,6.9988,1.0012
913,4.9973,1.9999
914,4.9989,1.0012
915,4.9998,0.9998
916,4.9992,2.0036
917,6.0027,0.9979
918,5.0016,0.9981
919,6.0013,1.0008
920,6,1.9999
921,4.9969,1.0004
922,5.9913,1.0013
923,6.0023,0.9999
924,5.9974,1.9976
925,5.0011,2.0006
926,5.0005,0.9994
927,5.9988,0.9991
928,6.0008,1.0002
929,5.9981,1.0004
930,5.0009,1.0031
931,4.999,1.0101
932,5.0008,1.9997
933,4.999,0.9992
934,6.0006,0.9999
935,5.9994,1.0019
936,5.0032,1.9973
937,5.0009,0.9985
938,5.0011,0.9999
939,5.003,0.9955
940,4.9984,0.9998
941,4.9999,1.0021
942,5.0001,1.0034
943,5.0003,0.9979
944,6.0017,1.9984
945,5.9998,1.0002
946,4.9982,1.9974
947,5.9993,1.0003
948,5.0002,1.0001
949,4.9954,0.9994
950,4.9988,0.9989
951,5,1.0012
952,6,1.9992
953,4.9997,1.0001
954,4.4058,0.9975
955,4.998,0.9997
956,5.0005,2.0001
957,4.9987,0.9974
958,4.9999,1.0007
959,6.0013,1.0002
960,6.0008,1.9982
961,4.9943,1.9974
962,4.9988,2.0028
963,5.0006,1.0012
964,4.9994,0.9995
965,4.9981,1.0001
966,4.9954,2.0028
967,4.9846,1.0002
968,5,1.0001
969,5.0022,0.9961
970,5.0027,0.9993
971,6.001,0.9971
972,5.9992,0.9997
973,4.9955,0.9989
974,4.9973,1.0002
975,4.9986,1.0023
976,4.9939,1.0003
977,5,1.0013
978,4.9998,0.9997
979,4.9991,1.0021
980,5.0013,0.9981
981,4.9971,1.0003
982,5.0004,1.0004
983,5.9982,2.0011
984,5.0038,1.0001
985,6.0024,1.0013
986,4.9998,1.9985
987,4.9992,0.9998
988,5.9993,1.0017
989,5.9963,1.0073
990,5.0008,0.9977
991,5.9983,2.0015
992,4.9993,1
993,3.9791,2.003
994,5.0037,0.9972
995,4.9995,1.0006
996,4.9991,2.0048
997,5.0005,1.0015
998,5.0009,0.9986
999,5.4162,0.9996
1000,4.9997,1.0008
1001,5.9991,1.0018
1002,4.9989,0.9991
1003,4.9999,0.9978
1004,4.9963,1
1005,4.999,1.0005
1006,4.9973,1.0037
1007,4.9735,0.9996
1008,4.9995,0.9999
1009,4.9993,1
1010,4.9999,1.0001
1011,5.9991,1.0001
1012,6.0007,2.0018
1013,4.9974,1
1014,4.998,0.9998
1015,4.9995,0.9993
1016,4.9988,0.9982
1017,4.9991,0.9997
1018,6.0005,1.0006
1019,3.9968,1.0002
1020,6.0015,0.9983
1021,5.0027,0.9977
1022,4.9968,0.9996
1023,4.9991,1.0055
1024,6.0025,0.9965
1025,5.0005,1
1026,4.989,2.0006
1027,5.9972,1.0002
1028,5.0008,1.0013
1029,4.9998,0.9996
1030,5.9979,1.001
1031,5.0052,0.9963
1032,4.9992,1.0002
1033,5.0064,0.9941
1034,4.9999,0.9997
1035,3.9999,2.0021
1036,3.9979,2.0012
1037,5.0006,1.0018
1038,4.9991,0.9999
1039,6.0022,0.9989
1040,4.998,1.0011
1041,4.9973,1.0013
1042,4.9959,0.9999
1043,4.9979,0.9999
1044,4.9977,1.0002
1045,5.0001,1.0014
1046,4.9968,0.9994
1047,5.0012,1
1048,4.9769,0.9984
1049,5.0003,2.0007
1050,4.9984,2.0015
1051,5.9951,0.9997
1052,5.9982,1.0075
1053,4.9978,1.0029
1054,4.9955,1.9999
1055,5.0024,0.9993
1056,5.999,1.0016
1057,4.9978,1.0003
1058,5.0031,1.0017
1059,5.0017,1.0016
1060,3.9991,2.0011
1061,4.9996,2.002
1062,4.9714,0.9994
1063,4.9979,1.0008
1064,5.9952,1.0005
1065,5.0007,0.9982
1066,5.9994,0.9989
1067,5.0018,0.9987
1068,6.0025,0.9983
1069,3.9984,2.0017
1070,4.9994,2.0004
1071,6.0016,1.0007
1072,4.9997,1.0025
1073,5.9992,1.0013
1074,5.9947,1.0019
1075,4.9979,1.0012
1076,4.9993,1.0009
1077,4.9945,1.0001
1078,5.0016,0.9983
1079,4.9988,1.002
1080,6.0051,0.9948
1081,4.9903,2.0007
1082,4.9993,1.9983
1083,4.9966,1.0013
1084,4.9992,1.001
1085,4.9995,0.9992
1086,6.002,0.9977
1087,5.0018,0.9997
1088,6.0085,2.0001
1089,5.0011,1.0006
1090,5.002,1
1091,4.9962,1
1092,6.007,0.9928
1093,8.0033,1.996
1094,6.9939,1.0002
1095,5.9977,1
1096,6.0011,1.0005
1097,4.9988,1.0007
1098,5,1.0011
1099,4.9851,0.998
1100,5.0012,2.001
1101,4,2.0002
1102,4.9994,1.0005
1103,5.0004,1.9993
1104,4.9987,1.0001
1105,4.9964,0.9999
1106,4.9877,1.0004
1107,5.0011,0.9987
1108,6.9995,0.9999
1109,5.9959,1.9987
1110,4.9996,2.0033
1111,5.9987,0.9986
1112,5.9938,1.0002
1113,4.9988,1
1114,5.9986,0.9978
1115,5.0009,1.9993
1116,5.0008,0.9993
1117,4.9969,2.0032
1118,5.0009,0.9988
1119,4.9985,1.0018
1120,5.0008,0.9993
1121,4.9985,0.9997
1122,5.0005,1.0022
1123,5.0024,0.9985
1124,5.0001,1.9988
1125,6.0019,0.9982
1126,5.0009,1.998
1127,5.0001,1.9995
1128,4.9993,1.0034
1129,6.0021,1.9987
1130,6.0001,1.9995
1131,4.9998,1.0053
1132,5.0074,1.9898
1133,4.9975,1.0016
1134,4.9996,0.9997
1135,4.9991,0.9999
1136,6.0013,0.9971
1137,5.9982,0.9993
1138,6.0004,0.9988
1139,6.0003,1.0019
1140,5.9988,2.0028
1141,4.9984,0.9994
1142,5.0004,1.0002
1143,4.9988,1.0025
1144,4.9973,0.9978
1145,4.9769,1.9999
1146,4.9971,0.9992
1147,4.9976,1.0014
1148,5.0016,0.9973
1149,4.9998,1.0006
1150,4.9966,1.0013
1151,6.0029,0.998
1152,5.0007,1.9997
1153,4.9969,1.0004
1154,4.9995,0.9999
1155,6.0005,1.0026
1156,5.9997,1.0025
1157,4.9991,1.0004
1158,5.9993,0.9992
1159,6.9987,0.9999
1160,5.9999,1.0006
1161,4.9992,0.999
1162,4.9986,1.0009
1163,4.9997,1.9989
1164,5.0002,0.9997
1165,4.9983,0.9997
1166,5.003,0.9981
1167,6.0039,0.9988
1168,4.9988,1.0046
1169,4.997,2.0008
1170,4.9987,2.0023
1171,4.9994,1
1172,5.0006,1.0003
1173,5.0005,0.9994
1174,3.998,1.9999
1175,5.0007,1.0003
1176,5.0007,0.9996
1177,5.9991,1.0013
1178,7.0034,0.9968
1179,5.0001,0.9994
1180,4.9996,1.0005
1181,4.9989,0.9986
1182,3.9959,2.0014
1183,4.9978,0.9996
1184,4.9986,1.0042
1185,4.9984,1.9998
1186,4.9983,1.003
1187,4.9984,2.0009
1188,4.9991,1.9994
1189,4.9987,0.9998
1190,4.9984,1.0013
1191,4.9989,0.9985
1192,5.0002,2.001
1193,4.9986,1.0001
1194,4.9969,1.9992
1195,4.9996,0.9998
1196,4.9985,0.9984
1197,3.9985,2.0011
1198,5.0021,1.9991
1199,5.0024,1.0034
1200,4.9992,1.0018
1201,6.0013,0.9997
1202,4.997,1.0011
1203,6.0001,1.0009
1204,4.9977,1.0008
1205,4.9997,2.0007
1206,4.9991,1.0009
1207,5.0007,0.9992
1208,4.9986,1.0011
1209,5.001,2.0018
1210,5.0037,2
1211,4.9964,1.0003
1212,4.9998,0.9998
1213,4.9925,2.0042
1214,4.9991,1
1215,5.0007,1.0012
1216,4.9996,2.006
1217,4.9994,2.0001
1218,5.9994,1.0025
1219,5.0025,1.9967
1220,5.9994,1
1221,4.9907,2.0022
1222,5.0009,0.9988
1223,3.9986,2.0013
1224,5.0002,0.9998
1225,4.9988,1.0001
1226,4.9994,1
1227,4.9813,1.0016
1228,5.9995,2
1229,6.0006,0.9982
1230,4.9991,2.0014
1231,6.0018,0.9977
1232,5.0012,0.9976
1233,4.9951,2.0015
1234,4.9988,1
1235,5,1.0019
1236,4.9999,0.9998
1237,5.0007,1.0013
1238,4.9984,0.9998
1239,4.9979,1.0025
1240,4.9994,2.0034
1241,5.0001,1.0024
1242,5.9992,0.9991
1243,5.9986,0.9986
1244,5.0005,0.999
1245,4.9989,0.9966
1246,4.9952,1.0007
1247,4.9957,1.0008
1248,4.9986,0.9984
1249,4.9973,1.0004
1250,5.0007,0.999
1251,3.9906,1.9992
1252,4.0004,1.9992
1253,3.9998,2.0012
1254,5.0066,0.994
1255,5.0016,1.0079
1256,6.001,0.9983
1257,5.0036,1.0005
1258,4.9985,1.9998
1259,4.9981,0.9999
1260,5.004,1.998
1261,4.9985,1.0006
1262,5.9992,1.0011
1263,5.0024,1.9988
1264,4.9896,2.0002
1265,4.9974,1.0032
1266,5.9984,1.9998
1267,4.9971,0.9978
1268,5.9988,0.9994
1269,3.9996,2.0027
1270,5.0019,0.9978
1271,5.0018,0.9988
1272,5.0038,0.9964
1273,4.9992,2.0012
1274,4.9859,1.0003
1275,4.9964,0.9978
1276,4.9938,0.9991
1277,5.9988,1.0009
1278,4.9992,1.003
1279,5.0016,0.9978
1280,4.9992,1.0002
1281,6.0034,1.9963
1282,4.9985,2.0059
1283,5.0002,1.9983
1284,4.9987,1.0006
1285,5.0014,0.9989
1286,4.9954,1.0002
1287,4.9938,1.0019
1288,4.9996,1.0002
1289,4.9982,1.002
1290,4.9984,1.0053
1291,4.9991,1.0003
1292,4.9884,1
1293,4.9993,0.999
1294,5.0058,0.994
1295,4.9984,2.0021
1296,4.9998,1.0011
1297,4.9966,2.0012
1298,4.9995,2.0009
1299,5.0005,1.9978
1300,5.001,1.0045
1301,4.9996,1.0001
1302,4.9996,0.9988
1303,6.0025,0.9968
1304,5.0009,1.9971
1305,5.001,0.9981
1306,5.9984,1
1307,6.0009,0.9983
1308,5.0013,1.0012
1309,4.9652,0.9985
1310,6.0012,0.9993
1311,4.9938,0.9972
1312,4.9974,1.999
1313,4.9979,1.0024
1314,4.9986,2.0027
1315,5.9802,0.999
1316,4.9981,2.003
1317,5.9986,1.0015
1318,5.9922,2.0018
1319,4.0002,2.0008
1320,4.9994,0.9993
1321,4.999,2.0018
1322,4.9974,1.0011
1323,4.9989,1.0011
1324,4.9998,0.9984
1325,5.9977,0.9997
1326,4.9916,0.9989
1327,4.9955,1.002
1328,4.9994,2.0013
1329,4.9996,1.002
1330,4.9987,1.0002
1331,4.9993,1.0009
1332,5.0006,0.9984
1333,6.0015,1.0062
1334,5,0.9984
1335,4.9969,2.0003
1336,5.0006,0.9999
1337,4.997,2.001
1338,5.9986,2.0009
1339,4.9972,2.0031
1340,5.998,1.0034
1341,4.9999,0.9963
1342,5.0014,0.9984
1343,4.9974,1.9999
1344,5.9992,2.0005
1345,4.998,2.0014
1346,5.9994,0.9998
1347,4.9978,0.9994
1348,4.9825,0.9953
1349,4.9996,0.9995
1350,5.9943,1.0011
1351,5.9982,1.0002
1352,5.0011,0.9995
1353,6.0021,0.9992
1354,4.998,1.9993
1355,4.9817,0.9997
1356,6.001,0.9991
1357,4.9983,1.0007
1358,4.9838,0.9997
1359,3.9985,2.0011
1360,4.9995,0.9999
1361,4.9993,2.0003
1362,5.0001,2.002
1363,4.999,1.9999
1364,4.9993,1.0021
1365,3.9971,1.0059
1366,5.0032,0.9968
1367,5.9985,1.0001
1368,4.997,1.0015
1369,6.0032,0.9956
1370,5.0011,1.9986
1371,6.0003,1.0007
1372,4.9984,0.9993
1373,4.9926,0.9977
1374,4.9993,1.0009
1375,4.9955,0.9988
1376,5.0033,1.9984
1377,5.9954,1.0004
1378,5,1.0008
1379,4.9997,1.0001
1380,5.9997,1
1381,6.0045,0.9964
1382,3.9973,2.0009
1383,5.9968,1.0001
1384,4.9974,1.0004
1385,5.0014,1.0009
1386,4.999,1.0009
1387,6.0012,0.9997
1388,5.0018,0.9994
1389,4.9989,0.9993
1390,5.9976,1.0019
1391,6.0016,0.9984
1392,6.0016,1.0014
1393,5.0016,0.9989
1394,5.0001,0.9984
1395,4.9953,1.0017
1396,4.9971,1.0006
1397,5.0022,0.9974
1398,3.9988,2
1399,4.9996,0.9976
1400,4.973,2.0039
1401,6.0004,1.0001
1402,5.9975,1.0024
1403,6.0003,1.9991
1404,4.9989,0.9983
1405,5.0039,0.9968
1406,5.9966,0.999
1407,5.9941,0.9989
1408,4.998,1.0007
